LX563W.png, 1bcnroAqAf-TKTJJeVRn1tep2pH1oTBtq
LX565W.png, 1Zszt9BwGcK9yXTvo1JBaxL0Q3eHn96sx
LX564W.png, 1rVeDMmaQz_bvgJNgFld2tFUoi48B3y2y
LX562WR.png, 1XIFfaYv6IT8y4QT_Mgv_H5gdX3tszKhc
LX560W.png, 1DFeDG9GNgcDZaWGxLVtsQtn3EWuWOyHF
LX561WR.png, 1jkZNZCXta48-v4Caih2iTmf8EpE7Y1oY
LX559W.png, 1XydhRU73ORGwmfmJT5RdOzZZUFrxfRVX
LX558W.png, 1NA0iMk4oLUF1-eBJsKnFKL8LdpFU-d_1
LX557W.png, 1fNM5rivqLLVR_D3pYf0eYkXfh-cqRqRt
LX555WR.png, 1Ot5mo6vJHByJTQmMjp_7v07nxuwwZUUg
LX556W.png, 1DQUSIpuUMrknIKH1Xney5xeuhSxEgfJi
LX554W.png, 1bHyNlg7OHuE9TpdbEBwKTSaUUIx_XvU_
LX552W.png, 17dVyE5MInqXHAdCwTY_ocZuCOikiP6vM
LX553W.png, 1gHHtGlhHcOGca_b74AYMyWIcYZ0HSRPN
LX551W.png, 1Jo1_1_-5KBLYKWPh2iP2GNfEiJwUbuIT
LX544WR.png, 1HQ5Z_LEkXHpkNjLhtOt6lGpkNUc-FseD
LX537WR.png, 1NLlpGo-s-b3dfm-jqhHiJKsaEPa2nz4A
LX536W.png, 1CJkMDN-lF-w20A1NldvYCRsIc9LMV5XB
LX550R.png, 1uGeyJatjgPyFe9I8UoybE9Egv93yD8q5
LX548R.png, 1Gmzc3RdyMY92PoVKV7yanylXMC2uqcbK
LX549R.png, 1-KCazaCur5A4a0O4TBzPFMA-Tyi1tVU7
LX547WR.png, 1i3p5cJAfAHL8xhcGIZC7r5fR0YkyQ3wT
LX546WR.png, 1xqBc2p4eS3QorD4cXSbhPkH011Jggjm8
LX545W.png, 1Az6bNUQNITWFV05teq7He3eqC4cd-Nw-
LX543W.png, 1PRu7i67CA0unTnmOzMBMBTkPfQCOx6Sq
LX541W.png, 1NBLpShmma0mtJrgX4iY-Kvs26uhQufQO
LX542WR.png, 1S1wWuskunUDW-CzRWzqucj5o2mPALT46
LX540W.png, 1x2_usp8Qzfgd1qB1EbflXvWkCFTC3-N-
LX539W.png, 1mKG-plrSmbXJluOdvyQARCEsPxElHH7t
LX538W.png, 1L08k0BfSnzssKj8VKs7AzU52w02mX8L3
LX535W.png, 1MF31CLL7Z6rdkpLRawwhGHavehPAqBnG
LX534W.png, 1Kc_iL9VrAchYLczFxuxsmSvp05X7wroH
LX533W.png, 1i0KctFtYiQXMtHy3s8phrMMjN125ieE-
LX532R.png, 1EfW4eIYljcPzzc1gD5UiwWh9nWepcHMR
LX531W.png, 1cxxjdYGhdu8uK1zgyQFyp627nK-T-C8p
LX531w.png, 13fDb2IlZjODkvftyCo8QVOA5MRnEC3mT
LX049W.png, 1G9K8k8ltUSGYmcwUmowEuNoXJiJpIwEO
LX339WR.png, 1ikOcKN3leCdeJ8ybqEfNtDFeGFFMS1Gm
LX337WR.png, 158optkvBvnvHeR4_YZ64lWigs9aSpcxW
LX334WR.png, 1XSLpXLB_OBjBZ4rFqXhUiyRqbRaNSQRN
LX307WR.png, 1LtmsPqxze7jHQWOJ32mgFlPfNQIDhV6W
LX330WR.png, 1PZTM7Uik26-iSWhtkvxe-Z0HyxdSjHIC
LX329WR.png, 11nRURBPiTCPVNXEnbzxZO1BFLKUTfp6w
LX328WR.png, 1lVjcf5PQF7OxqNacWleR1nyoSx-yqsUH
LX327WR.png, 16hgenuDqXABYQVbb_EffpKFBUCPwjpc4
LX271WR.png, 1KRxiGkSTkj23DvxD2rcqqDBBq9-IbqY4
LX270WR.png, 1QMVZF48wzO8hV9i-YzdOJhal7Zlrc1E7
LX477W.png, 1-j5BEF3sTN2Ijn1vLkfc8uDxRlGCXo85
LX530W.png, 1IdLl__E4kii-A4C0bPrb-EpdJph0pk7x
LX528W.png, 1op81v8J6wuYRJ5dLv_DiQquvuxvrViIk
LX529W.png, 12kkNiE3dNS2K3iDNyoPUJhEmQPXupNFE
LX527W.png, 1Z3y6yPCEleRY36MWWW_d-l6QDcSkSvSn
LX526W.png, 1_oG_SIrVil6njJLGn96n8G1RYIkvvU8B
LX525W.png, 1AR0qpdxY41H-FxsCHOwzrlM0WdWB_-Wf
LX524W.png, 18VJ29XgGb8Avvlz6JnxSU7h1F6RufObx
LX523W.png, 15aj6ISOgCEg0QeKv2okJ4IGG7QiNbbQ_
LX522W.png, 19eMDrGgK3YK2YNpnkLSe-hnwFCA5V61J
LX521W.png, 1qv3LNHxkmaXKWrfaHckiFtRnuet94uvK
LX520W.png, 1RialRpjvYYqpFE72b8Ppg2iTZmtmPLTj
LX519W.png, 1GCOk8xmsmD94PoLUZDp7NH9rRYc2gUBb
LX518W.png, 1ed5MwhgCm_nCEKHw2e5YqE7F5aRMfwEX
LX517W.png, 1dqVeM6BPulTOFusloe5ygUo8FnIuQQ0T
LX516W.png, 1Nn3SxUYyq0SjAMYgJmDYZL8LFn-Biypz
LX515W.png, 1Wxgp9e10zKl4DEbMOTBO1RUo9zL71Ve9
LX514W.png, 1FeCltAAj6H_xCfOIJ58XKKD-hQ9uhn7s
LX513W.png, 1RDT-CyzItjHCbWeiXS1FE9TVYsC8UuOG
LX512W.png, 1XFrhkMy1Tvpm6z9is3SqytWhL9ds3X6y
LX511W.png, 14xJ5WGiyaauA3yJPtRED8Cn9TAWXLYJC
LX509W.png, 1f0tJC6Kioz911WqDh-D3JT8mMbcF1Yp_
LX508W.png, 1kzD2uCXSqhbUea7Aoye_4PqIXgzsYPSq
LX507W.png, 1Pedy_HelNJU4ZIuD5XD_P2n8HU8xIrZm
LX506W.png, 1cTnSeYuoGCvQ6oh_VIoIGl-ES0ZUNs2-
LX505W.png, 1WPH1wANtYtHn1aq8PWHYqhZ1EaTHEu5P
LX504W.png, 1J64cpbXjMB7VY3c1Bkc6LTVEuKFDXeGg
LX503W.png, 1KnmS1aOA7CW3so8e3uFGJJ6jZB7YI_vH
LX502W.png, 1CWjM6RYSbYfEg17CfC6rgVxy2ZpF_m3R
LX501W.png, 1I3FQxcKHxUkAgdOmcS_8vCMsjt7k4yU3
LX510W.png, 1332vGC4WKVtdZMOJkC2g5QOflVoaOfyb
LX499W.png, 1cge9bAXbSdH3PgYeKPoRxBJ5CRgHFKt4
LX498W.png, 1Y4X0i2QRqWmSzEfYQPmPM52Ur4PEdEyT
LX497W.png, 1aCls67Zq_LnmZnlR4Uf-qcfolKrFS038
LX496W.png, 1XHF5Y3oY89LFN3nhV6ipo3GKYBqo8mn1
LX495W.png, 1JNDq7707p1A14GVg0N_iCrx8sZPKD3Y2
LX494W.png, 1DZG8ulh5Y6hGjRy3Xzlj-snNUaObcA_8
LX493W.png, 198duWp5mAdtHbGxOsXQIejjQg48hnDju
LX492W.png, 1BjvRGOjnXaUq7FHxcuvgtqH9fSdi7zuX
LX491W.png, 1z2PXe8TtbeXyt9pKkOcgQFcQUT-d4Zrq
LX490W.png, 1uiBsMpjYUdJGAAfORrAoiYnYYH6BcVyh
LX489W.png, 15QO57eNg88yAf9wwDstlracNGLu3AGoM
LX500W.png, 1gJ4GueRwC99B4yMWieVBehcwb4X58ITe
LX488W.png, 19IBEZA2I3aK0LDbK7EqH7fsWTHML2Nr5
LX487W.png, 19dleZPNDCEI9vGLKpACFqppyr12iM8Xg
LX486W.png, 1wv0wSlmTikYzuxgRitJmKKpHstX1zXc1
LX485W.png, 1pCJoY_7i771rSe5YpFfs3huZ0AZc_wjp
LX483W.png, 1zcbrlJd_ymOj2U55Xi-_AHgEB8I00vUW
LX484W.png, 19rfVTHGkvM9YjMQggRUeDjCV4GnAgX-R
LX481W.png, 1DNnf_zTln6CROHUXTbOo38X5aDk3OBmE
LX482W.png, 1wWJpjs1EwTQQnfiQtuWQPU2UkI60TTL6
LX479W.png, 1MGmmKTafNOQztez4WQf1_KjagkqeTALK
LX480W.png, 1KY3JR1bcqGC3HlXqUssHnlc5K-kVtmWn
LX478WR.png, 1mcpYXfPNaBbT6ahMhc9ao9gEGGJL9JY2
LX476W.png, 1MmiSZnmhxtaI9i7r_sz7aLmTVCSap4vI
LX475W.png, 1LCL8DBAk9zU11a7iNlNAykpZOzNGFjau
LX474W.png, 1ZObGYh9zzyROYS-PPjMuSAGz04E7CrcW
LX473WR.png, 1mhcEirwerEGM5MLu67IFcUBU8qTRSrDe
LX472W.png, 16fvusyWCfs4aQazX4WpimaAZnDGtR0dR
LX470W.png, 1ytE2DO1tzTshJFg02uQVx2EqXKOOhVL1
LX469W.png, 13RyuN_MOfh1PqOnPc8hYR_wkwPlokhY2
LX468WR.png, 1rg4NDEyIwKfh5JyC0UcfLpk2U7ZS6IhV
LX467R.png, 17JMvcOKuBTGGpG20rqCjWtwhbSju4aSE
LX466R.png, 10GzIRgotVmHEdtEXCH2JZ5UQSc0nmxb2
LX465R.png, 1A8x5UIkdavP5zf3gtYm79tFTgaFuYoNk
LX464W.png, 19BdVIUjzSi7ISFRxn3d2YnG9MgppHaAw
LX463W.png, 1PdHxZHscYN-Sz62oBWiNcpywi-dFbWxH
LX462W.png, 1KY6ld4HkEt9N08dGke202Nl_A6EpcBh4
LX461R.png, 1lMo6vYbbyn9ZSiDEItwM9Vc8l8MaH2FF
LX455W.png, 1Yx_iAQu89ANzCGJss-Hbj6ZhmWHBlF34
LX451W.png, 1staiwP-ZH0UeOARC0Lrg8VhHhFRW5SkE
LX456W.png, 1az29b1tKyeHwWDaeYveWAkK9NGaG4rN5
LX453W.png, 1Xp3DFivhoe3QXieaR48DmgjsXeGPQza8
LX450W.png, 1WXHsy1qAdrpyO74y6MBr25VPUIFaGU0Q
LX449W.png, 1wZ6jOGfwH_KSzxPvnGhLR8K14Bvr04iZ
LX448W.png, 1ea-r68NwtxnfWV4T5o6E-1BRtMANsWXR
LX446W.png, 1oK2ZqMC92EPM4kzQ2Q7ianTNSEzninoC
LX447W.png, 1rtAD2UhjppKjUC2Hx0xwCNt6jCfUjLGI
LX445WR.png, 1mtMza9mCUnU0qpRj5sMuvfSHIawa39xt
LX443W.png, 1ESNUfdmg9XQ1HKxVOnXirOeY5-4sW5Uq
LX444W.png, 1S7f_H4U7-ZKMbcJ9SBTFrWOBkZSLCKw5
LX441W.png, 1wdMX5JosFx65LBUoxFikbFNGq2AKSKCf
LX452W.png, 1U-rCyFJooA70wOZBqkEEc8z98hUsgegI
LX442W.png, 1AZYhLV8zrNdoNHplIrFgom9asSWHp7iu
LX440WR.png, 1EDhf2DbAF4uQxiUk6c4j9snsAxTgdZdC
LX438W.png, 1yFxAMhCtUBg-sDTwFIPDxqcA6GvAiBCv
LX437R.png, 1oY2U0dtxeduYF619NBEIxRKhWiLTDRQ9
LX439W.png, 1cbTyFO-isST4UdsJNzxsEr-DrP1g6_tC
LX435R.png, 12z5oUFX2tCMHrokkInnJNwMhMfE_FtXt
LX434R.png, 1ZK7UbMA8gPBx1bL77B0ILwQfzoiflRRw
LX436R.png, 1abJr-BKD2wwU0-El9P1aFQ7XAtN1O4pR
LX433WR.png, 11v_9GXPKX66WBkcCNlK24S83sztUtOyL
LX431WR.png, 1a0HG9kX9Lgq596gSZVFaWwqseDH-0Iv_
LX432W.png, 1lb-k54QjT-b6N8PP1fR4JAbgEauj9WAx
LX430WR.png, 129EFDzJxBTmCJnmPkOC5jeiw8iLR9xw0
LX429WR.png, 1BEUlkCjcfGKKzbm7_8ifmD4qu5lMIjEy
LX428R.png, 12L-BDnucjlVYL8v6uqr1CExLJYKAv55w
LX427W.png, 1gny-Hn9roWSAsPveGIz4gyKE7sv3RohH
LX425WR.png, 1tav80jKqFyauMA-54wTmGlx6PCL6Ht_i
LX426R.png, 1YziHVZ8TEtEvQwXRJ7w-cXH38MJKPKEC
LX423WR.png, 1ixC4hr9UcsyuU7jhMwuwgma7RGWmP6yh
LX422WR.png, 1pctS-bx7qUwIQiy4Jm3LrTb8PIKOIPLC
LX424R.png, 15Gkc7Y-N2lQKeXgCGBaBTtz9zZEzo5O7
LX421R.png, 1B8PmvEnIbvSQR3uDWDeuQIwTGRbsYjEl
LX420WR.png, 1YURIBC1B0oEt4vjtaJ-ESOxj1jY05Bnw
LX418W.png, 1HGPeywAc9xrmeYcmAzso7n_JRAIp59gx
LX419WR.png, 1lHupk506v5P6RLLw9NGPhyb8u-JmDQa7
LX417W.png, 1T8YrLeua9AbRB4e7ILMFVtRP6SnQtIeV
LX416W.png, 11FfqS2uXo3C4f9np-TestDUnZ4yKCvWp
LX415W.png, 138vgT3YmvgLN--niSej_uqbUkHvk7iB9
LX414R.png, 1koSRpGVz5uu_f1i5kbXOgkAWyRZwBeAR
LX413WR.png, 1szl4zIRPiaJWrjAS_11VUBL8cJ9ASGGk
LX412WR.png, 1Fe9j5k2BrIVRQpprCGkoDRIuvYbVnLdV
LX411WR.png, 1rvh1z1QmUrSanRrwQg1fqwTp8JXAXynb
LX410R.png, 1__fpICpCYg5FI0LREHjEajhwkou2Gosr
LX409W.png, 1G7Dp19y5mcSVV6xmX9gjR8c4bikaGZtW
LX408R.png, 1XkxUYbePrzZmgSqJzpYwL0PaFBJ5HJiK
LX407W.png, 1TLB9xFE7ZX4uFCx3-9XCC7lOr-_ge0vE
LX406W.png, 1pjCY6U6OW3Hr0qoc1iR9IUnVIlm921fD
LX405W.png, 1m-04d0KM5FpIXbZDpDKzVmsYwAQedt6X
LX403W.png, 1VK0KjcXExzQF7BngNdxHl1J7KZVK20mp
LX404WR.png, 1Y0vpMbmVPwQeAuvsS1pmCbxMVe7gFbQc
LX401W.png, 1p1fa_y6moq-Vjjl-9M8NKhhLb7vz6ow2
LX402W.png, 1gHuYOm8b9ODXgZMuJG808YZLh_6MYUzF
LX393W.png, 1Cw0qDZp09hYzC1wyf1M6vhppMHveoqkl
LX400W.png, 1g9IVFbrSvCZdbcWYVjwA67-tID0zFrb6
LX399WR.png, 12mJ8KYOSTNY6kQ9JjtefD5tJ7-Nxxa0f
LX396W.png, 11tENTFobUaTRAKVQfRwQ0w__89z7bc4h
LX398W.png, 1tlNQBLPtp4bdsVXDfj-y9ydPy74nwRWz
LX397W.png, 1Q4FIaaSNAP5ZzYE1AQ1b7QQPWa7OcPEU
LX395W.png, 1IopIs8danv_RdwUbvBD5KORrA3uii3wL
LX394W.png, 1wSezZlJC_V9DHRFeT9ER8s4dd2humhlX
LX391WR.png, 1xE5eoVYSwv00fCkAeEbGhmUJNfS-qdf3
LX392WR.png, 1Dafp6ReZkQTJjvaJ-44cBv1vEBQuQ_Sa
LX390WR.png, 18aSiNKXd1K7Cyp7lC9ZcHagb0j-cdICX
LX389WR.png, 14T1p1wb2LWqQjPDPA0_kqJDRbahQIy7c
LX388WR.png, 1Z9u-OfrvbjzKKU8ogqM3yKYMZbtmXxr6
LX387WR.png, 1tkmslupkF3yKUq-Ydg4udN5LdtWFs54f
LX386WR.png, 1G_5MYU6dDZwM-ciNb-VEk4SNoOgpyUkf
LX384R.png, 1ikufG3zz5kZ_10074PSzDvJa02fPEyqV
LX385R.png, 12aWGjTOimN9o6lr82OdaDU9p5DsSgI9h
LX383WR.png, 1YPyDRjanyTRswB7_CK5NyiCWlqXdqsGQ
LX382WR.png, 1frMjFyoGFXD7F_3zgRNczKexPSnLb_tG
LX381WR.png, 1exvKyXrRu8depmucF8LUSbYS_TS5kwJm
LX378R.png, 1vPPVLeUMTKzTuyo_JElTpdhHjvioZ3fL
LX379R.png, 1sBStGJqZAH7fLH_XsoRSGxti_SJSuYcm
LX380R.png, 1DJg9ToQbtj_tsTBl4lx_EX6zXeS9CA4B
LX377WR.png, 1MGm1qRMYw9BsyL5G0Whbi3QfsCNoJUyh
LX375R.png, 12hX8wNbpbzoxRB4OTsskdDt_CH__ZMQ5
LX374W.png, 1MeVmUVUES4YKSEtMbZ_bRJSbmUaD7LD9
LX376R.png, 1XX8EThLxwsgL48RUHGCxsKINFGN-cclY
LX372W.png, 1-fHevn4AuZ83dzJ-4tXiwVgC6ChBfYyE
LX373W.png, 17kQDAiu5GM4gLDpZ4t1_kmIxN_eKDYJF
LX371W.png, 124JNh6Z8nB2TSaSx7Peqkn77lT_XLi36
LX370W.png, 1OpexAgNKN-G1BuRQAJZUnRzVG7o5VdZu
LX369W.png, 16fAwM65SvaLjp_4VBNkF6YC7LkWhyoVE
LX367W.png, 1S28pn-YJ2xZO_TRb_xBatEfgL_XI_aKb
LX368WR.png, 1-MAZ7yOCQfASjc2T77rrhExBa9gQbbrB
LX366W.png, 1nmO-VNAfRqzmLt-Mv-eDjbL8bTtPsGRE
LX361WR.png, 1c6vw51e77edUV3c_X-B5QR7t2OR2oJko
LX365W.png, 1pDGg69owelc5kUbRJOy3tkiw9kcsHK4c
LX364WR.png, 1EnUiW0rVWn3PjeMrBNy5tX0SmIaCc_1A
LX362R.png, 1u-GXlP546iprSwPpDI89tOIFc9nwC_wS
LX363R.png, 1FLmmOyI_KYppZjYZVtgvxMttGW9LyiqZ
LX360WR.png, 1h9lRS7xoSsEh7GJYnp7B1CES3fr8mBG9
LX359W.png, 1zMphPeh91zF8KtyEc8JuGI8RDqhQK_CB
LX358W.png, 1B3_956m8ItPFAF3G8nQdHsoR9TVq1gF4
LX357W.png, 1ZRyFTX1dkNR129V4770Uw-0oDfAl9tNO
LX356W.png, 1dZ5KtxeKDN2A-aDRt1Io3szYVTWoZf0K
LX355R.png, 1nokSUFf5tdl6gm-gUpPYEeTIkGMrva82
LX353R.png, 1TP5o_Wxfld1E0u1llGVW5IsXvEst_7fe
LX354W.png, 1L3lZNS3IMUsFilas9mhibD-yDcaCD1rG
LX352R.png, 1xBpCE4xwY8-pBh5WKuMxIpkED0XCwCNK
LX351R.png, 1rxXeE1Q11KcNfxwdV-_tdq58M0EPmYIL
LX350WR.png, 1-6HvZbLJ66SpsIYLaK-hYBEYPYRAFZ4C
LX349WR.png, 1VN2-d3WOwsDknddErn6AtwOfS027akK0
LX348W.png, 1nZRHXeuoxVtn_7qYQriRQqDknSdQnqPY
LX347WR.png, 110GBo1jCoz807gajnYp_4p_dZEXjO_FP
LX346WR.png, 1ROXpHGg-BJREqXdlDuYnt_OOYwSb2EY4
LX345W.png, 1MRfwabenynMrhQEwr8YVKNVQboq5fBqz
LX344W.png, 1HmY5_0k89CoHulgQ5_JZWy5flyiW3NCm
LX343R.png, 1wig8EubYyK2wmzEqzPcdjGcqB-3J5DDh
LX342W.png, 1vOUr0xyvWfRqUZg8OzTzkfc0wAMu9EkL
LX341W.png, 1PMrCLxhz5mTvdehszoCmEydVQ1_KK5sY
LX340W.png, 1WIoBOFerYKCp5w-J5FLUvqfBpUbAtHCW
LX338W.png, 1Moyb7WKZgP6QxNcXoZmzRZYVgh9E6LXt
LX336W.png, 1CVH-qh2HR6sVNzL3ZwfAHY_ab5ZasaPb
LX335W.png, 1NfDZt8BWbkinXqpvA48G9YOjMnPqds2k
LX331W.png, 1gkc5LoQHxl2Wut4XxeWbuZm-S1UYjqzZ
LX332W.png, 19IuDlKt3sJeJiRCnBCp8mRtNsHrAQj2L
LX333W.png, 1kJgIeqwJ8_E_whC5bOIcln9kP7nG-ln_
LX325W.png, 1ivpfWVxPLOx7kO_FxN7YnYFqCAP-zWbW
LX326W.png, 1Q1z90v6GzfwTQwC_UmpnVBcwmhA-FIeL
LX324W.png, 1KHz4BMdepKjeVPcflU3sEKY4ZSsYcejB
LX323W.png, 1Apw1Xw1TcSU_S__3xztc9uqZjRFkaHQI
LX322W.png, 1o9PF4x5J9xO0pe5c8rLaJFpqy7tAnUo2
LX321W.png, 1QcWECrWTu-RCkUe8pbjO8vohVKNcBjW2
LX320W.png, 1B8oYYaxjNGkW9Tf7VCmsTP77U9VMhqUJ
LX318W.png, 1M69_XSgtaAqpQeZiyZMBCZuR36XeF1mt
LX319W.png, 1GlnW5igJMtZPG3GYaYVBBn49rd4jOFgm
LX317W.png, 1xtZ3QhgTUjubRyVTuzqcM4sdqpjsiBVZ
LX316W.png, 1SDRooK1VR_1-d0fyIattOX_zXxp9XufR
LX315W.png, 1sdg2LOOyGKpwFvrJkTaZCX-b4w9GU75p
LX314W.png, 1ADu9COrRLCuIMiZgfbAlDilVZZcbsCaq
LX313W.png, 1NmeswZQEIT_6O-mFHjxnoiZx84UIvuO5
LX312W.png, 10Smr-3OezvZ2kocyNM7e3srG6GnKoj5I
LX311W.png, 1JVaq6hDhu5kHohQAgyAY3dwrZBx62wCl
LX300W.png, 1XqK1sujjPCGmThlTzNhcy4uDvK3Bnsm5
LX310W.png, 1v5wWFInHGCqX5Qu-EN9t9-3rL8nDItgZ
LX308W.png, 1EfdOSCOAtR6CvQlepE5P0UbzAzvKnDFG
LX309W.png, 1UtJRpN-VgQU7bg5reBwourKmq6SlUFY6
LX306W.png, 1z_qurfI-ui_YFE3NXFsmOuLRAlQEXuSg
LX305W.png, 1iS-AmUpzKe1fmluhkbp0akPDs5WwvaIk
LX303WR.png, 1LdBlFGvOhfmuemn9Q9q7JTNYoeAjCM1u
LX301W.png, 1cSmsG3CfpF_etS_ALFpzjTvxlUKjMrxI
LX302W.png, 1Q8oH8QouDWYrSmeDZRnyfAD30FzbMPqG
LX304R.png, 1dO2Z9qzGy-CoONCnFcGuxJfWW4EGzZWh
LX298W.png, 1bFD5-TIK4ldvIP38aAaB-EAYg-W2J27H
LX297W.png, 1IREWKz4NU1jI2SfCMh52WyXktPSYWfYa
LX295W.png, 1mB8fJJjxFGh4iEodIGLuC-Oys9ZGkxPQ
LX299W.png, 11SdMrQQlGDWQBxzfUrdorqcrAU4Hxx5Q
LX296R.png, 1ES8C94lxak_E8SIe42Cx-7KBR2oiT3rd
LX294WR.png, 1Ar-KSq8uoydq8uGBlktdgvMmQMPdsthh
LX293W.png, 10uqfckrVx9JJXkbeCU2Nf9cEKA4EkBYj
LX292W.png, 1heZqa84rUVtL-Kbm0-hDOInWhH3KxLJy
LX291W.png, 1S-o4XRQgS-PVvtqsiBXFvtM8smt4fedM
LX290WR.png, 1CBGa_sbEtptujm7BToxUft3jkl2KoBmi
LX289WR.png, 1LHRRX_P8Q1vz84rXrtrTnkCajvTWskJ0
LX287W.png, 14FgVizY0URsT2RpelmxMwZ9mKLSVOSa0
LX288WR.png, 1BmIJa34rm8_TQr5jqJXiAxr2kAH1iwGr
LX286R.png, 19xQCi5qbunguY_6QczDidnKwMO5bR-G8
LX285W.png, 1VDm0WP7-VGuQBR2jMaDSujh3nLOhy4bA
LX283W.png, 1JVl0WhQlhKkgXfInniSfVFhuGtSQG5Hu
LX284WR.png, 1LWSAHAvBXUsuBgLXKAMNaQaz71L-r-rk
LX248R.png, 1uE1fstLNeuNMZFuVdMfgz7yQqu66LpfK
LX282R.png, 1nTjlZQIXvTkLveK8AUoC0hwR46Ws3IJ6
LX281R.png, 1_g_1tjbKR4gIUTYylWJnFvSTpfY3_3_e
LX257w.png, 1ZKbfqWJuHqEl4CN2Ln6b1xx7lophwl9J
LX280W.png, 1osUndrcdYWNNhSMMTNhFcmyvidYhDci1
LX279W.png, 1UD7JsmJCgdPBblexOvJJPDeIElnVDb82
LX278W.png, 1oJK3QCtdND4mGGt2dy2XKoiaqxX9tAcy
LX277W.png, 15NVgsxoll3PZKOVyKsljzEf6lzLCt_Xp
LX275W.png, 15hLJiQ5t3zMgqvP0FZ37cymta8HFJG9Q
LX276W.png, 1uOT1KMMyDYJnVHj2klqfEzHR0G3ZzF0X
LX274W.png, 1ulROjNCvYvsoan055xBVkHLpt9vLtr2t
LX273W.png, 1IFoEmDyPQIKY27oOVGcaSXiuhPOBYAgx
LX272W.png, 1l_AOk-JvceFo-PO8kd08Xj7ShixTk3gb
LX269W.png, 1yNI4IsTK2YKtb3L4RbmvqkITwlk0cMMZ
LX268W.png, 1z6JgTwsemDxv4KaKAPq6jSrCA1AYr3m7
LX267W.png, 1PCjJmFpaHZ1Kaos7nbFzTQhYrwO11TM3
LX266w.png, 1h5KFKFa6CvgseAGF992viyCJOVVW9IlS
LX256w.png, 1aGX3kwV3Bj2Ukp9n10SQMzXBVnLpV2Bk
LX258w.png, 1NtCAn4VmICg4S0iL2C0wCQGgC3hHqQJZ
LX265w.png, 1B754z_PhUbvIDYEPhb_EAbIoDsd9w4br
LX264w.png, 1rwgz_zVV2eqzJqZ5jqL3jCGr7BUVBDc_
LX263w.png, 1wCQDJ3-qv7ITizUp82RffBoRiPSizIsC
LX262w.png, 1VM4CJaX9mvXmIuB-NJ1Qqfc2Tg639wFq
LX261w.png, 1tj9dRMg_99KWI82KGt7PFJ3FQPoBDFVv
LX260w.png, 1Mw31J51EedLHDImmEp5bklp9yuiEKYhx
LX259w.png, 1ZoCCqdNIXgwx6sVix5GBH1Te1XwtjgdQ
LX255w.png, 113eOgcp69UenMUk4yifGBau1IiCqpChA
LX254w.png, 1pEn7EUI273a0JrL_adMYzSSPHGreoRwf
LX243w.png, 1or9zRiNwDBUqhjiCwdvyKP8mRJl4RmJf
LX241w.png, 1yUCN6iNkrOlfW2c0Qv3dh01Stsdm82fl
LX244w.png, 1LUtj4w7qdzYD-FE3k0DH-Mz5ViTB2DJi
LX253w.png, 1S83f9R5T_hCe8CwbN1XEQCU49WECjUwO
LX252w.png, 16MieYx_S_yR7j8hiVgZe69VUzFw3c2B_
LX251w.png, 1jAORUI1Usr2nH9VuLuGaSLo0DI7Dk3j-
LX250W.png, 17H0sJgJcrh0gh35X_XN_85l0Fl4o8XPl
LX249w.png, 1b0jSXabhUfQl7x3nu9PxczPB2AuxFkZw
LX247w.png, 1LWobO-_50moWDQedOV6J7X370GQprOY2
LX246w.png, 1kSbaNaXQ0ih7LvEsUB1UBtUVYLe2Uzva
LX245w.png, 1fcf7F5rQi9vSltQku_A6rEqKkzF-dVMw
LX242w.png, 11JWT1M0i8dNs7TPlhUVc1MDNS8tlsbUJ
LX240w.png, 1CILJtPBhOVkvgPjT2Fqbhw9qZ98EhJvY
LX239w.png, 1KJ8gQ50mJa0CjqE4IiSm3FJUmRBlwp0b
LX238w.png, 1N4m0STjH3DCqfbEZ2YK-6vH8mZ4l5s93
LX237w.png, 1_uXr1kPCp7JPP9ZazmzkvOQttMeDmUci
LX236w.png, 1SJk-zvU5gMRKDiJW8wJna6BG09c9xdYF
LX235w.png, 1RZsgT48mm3hMqzyw8qUII0WNMimVvB0z
LX234w.png, 1FjtWATUJ_IizDdEexl4Nqi3TkqLyjvs9
LX233w.png, 1rea0DRi90SzIAgDqpDowz8Xe4yR-4u7f
LX232w.png, 1ZshiZ7LnzjZZ1OcQMO-riBkaBsgBsKDY
LX231w.png, 1rHxHvDJPw4gSn-aEpF9D2SGOCuUn_d-l
LX230w.png, 1UCZR95lCxonoZBUxVTZYs036GeoLtXCg
LX229w.png, 1kKcLUIzcwPNWZkWoVIS3E5lAV1hlEGhe
LX228w.png, 1qYz2ipTkTJ5SpkjGwkaXbiFLpH_nMZSF
LX227w.png, 1O-DFb4X_jcS11l-L-oId3eRHTZZGeNKx
LX224w.png, 1PRec1D1msCB6y9RqSwO3n9C7H0fddO81
LX226w.png, 1K58uQZJ-v3lMXAyDl9-B3R5qEL_Dy94-
LX225w.png, 1WYKGGZhMe0ucialZJkHm1tVRpTLInSro
LX223w.png, 12NqzqDFFNtYA6_wW7Fa6BAWS28sagxHB
LX222w.png, 1grfRzrKHn5k6BiG47e8wK5k1bkYIY-_n
LX221w.png, 1wbatz-BZ79o5f0ABweYCJVEwMbRy-AYM
LX220w.png, 1DTcdVUbBcW1zGtLjxKFkI1A6a0ItaBPU
LX219w.png, 1AL0DfxONm3tAyw3pxvPQkchqNKcl9DZ3
LX218w.png, 1fTMjFp0T8-EENYKpUYjmjoKQVylj9btO
LX217w.png, 1IHJlOs9EDHKQwC-CMiuxfEz_A-j5gsyb
LX209w.png, 175FgBfB2X4GoxeZCJp8oS3LW-i0o7MIU
LX216w.png, 1QA-n1PzW7S107cJV6hUSy8tMlhdTwsiN
LX215w.png, 1OG9wJxnolQnYXqbf7qy567mUAYYc1Tgy
LX214w.png, 1V7e2HorEkal2i0e-gktxxymm_rii0zzs
LX213w.png, 1yu3b-VgQjjZCSJqAIQYlA2m2Bh7Z91p1
LX212w.png, 1t-aktH2uEb_8kjEuVwMe1jJlsKA79DIw
LX211w.png, 1pLoEiUar2XC8Jyf-FgiY_LdS8wGIfTBx
LX210w.png, 1cZI6h-5QWHeMDy_MbC-6aGY-osP7IuXm
LX208w.png, 1ws_-GPlJduE2rFJhq6LSzBgQa76NOOpz
LX207w.png, 1E88_x-I4FgKoNtizkyYgwcAUuGK1rT7p
LX205w.png, 1gA3vw05PVHr3OeIK505ZP3TpZ08EW6-E
LX203w.png, 1H1NhxqqpnEu8uBdYBBS34wA0hNuz7pAm
LX206w.png, 1t7yZKSAWG45JJEP5Wzsl-2UBKBvZke3s
LX204w.png, 1YaZl9mGawLu1wiIj3WkZdjNokpuaVoHZ
LX202w.png, 1LSnbW04KdPXHoxOh5jiNzpVhbnV72GhZ
LX201w.png, 1Y7-uI_BF1KTNvt9RkENXBcHd79O2QHKm
LX200w.png, 1OoXQDe_gTRryRhpKlKOj3MMEBSeGVhw7
LX199w.png, 1RUUlEl4WHl2Si9tIrivFExYXTN_7ZQEc
LX198w.png, 1asBsStmpBR_8ow8jNkWxdD0P-HR-rWbK
LX197w.png, 1ZMqL20kXxUqCTBMN-jV2r1UxXjws8A7x
LX196w.png, 1JTjva94ypjewKAVEYDUdhI24o4sHd9A0
LX195w.png, 10qo_CPEZ9J4SbITf2qiM24uG2RriRKcb
LX194w.png, 1_r7xOzd7wFCOdm3L9J1MRvTR1hSbd5Vf
LX193w.png, 1mwiDAdvWnwNRmjd3ru54sP-C3pIdmkjs
LX192w.png, 1xg0qHS3rgsYmNFjbbv9-3iX7LkgTP6fC
LX191w.png, 1-q2H7TwnAa_UZk0hVHVVZSIrt7fOxJk0
LX190w.png, 1AtTZOQWbRjLxaYofeBbov8dJTKDlydZU
LX189w.png, 1TnKIhgOZh15bZ-7AJkdUdTMLBh33jLJB
LX188w.png, 1DeYt-AzaQfGgnPh4ezvrWdmv-YSEznSR
LX187w.png, 1fpXexucW4v4A9aSgCflEl31p9cY6C-BY
LX186w.png, 1Vw3LjS-Rl2czIP_D3jTmBAw_3nR6Z9gJ
LX185w.png, 153MzhL3uHdIWL15d3Zlwq10arQf2iDHx
LX184w.png, 1gYYWna_Rf_YeUYWKLBAyNKkCzV3oLfmb
LX183w.png, 1u6SLbzuYIDgzyXbrBaTJbpjN_IZwm9Q_
LX182w.png, 1eNR8cZEbfiO_oBpVPmKjfXfVomQ5siv0
LX181w.png, 1jvEGKvv2wQ1vm8tGvAl6gnYjQWt8nYGg
LX179w.png, 1-T7dB5cS0YxAA0XwRS3qc_PwGAYactUW
LX180w.png, 1yXqxvRhcoTR9g5uvtZd9cVIiAk00EOO6
LX178w.png, 1svumFBTO8Y9KbbumsknpyxP8FiK_RiSe
LX177w.png, 1AzVkCPM1ecGVOHTZFi8I-cmkfyuInJUv
LX176w.png, 1AM1DcfWAFpjhb9qhxaxAh_V85hUw_U9R
LX175w.png, 1mO8nX9HwwZ0nMe7Dpt_-bx1nTMCr_fjz
LX174w.png, 1ck_WRspZ9oExv75mK_HeCnu_GsPJv2Ei
LX173w.png, 1y6w41EupttbdmU_Xut3zWnizVJ9w8qz_
LX172w.png, 1uQzuebCa2vHsZ3zCViM6uWXAY3EO_M6F
LX171w.png, 1w1lmS4FWbHbvWWXDFjhqy_UlZ9GdjgQ1
LX170w.png, 1JWEO-A0y5LJ1NjjxDIH8Htb8_-r64a5y
LX169w.png, 1wOwK4TPxOfP9HNvIcaPNIJc2bPL8msvE
LX168w.png, 1ameQH6ImmAyiAZJAFTruBkAUJbUYsGGr
LX167w.png, 1GQT-SnDyz2SrHgOmBWQZ-tNKpTTcNGQA
LX166w.png, 1EepTu8BjKJ3JHElebOVOHClkrtq4_ej2
LX165w.png, 1-2Dqmjs9X54wQplH_M8ARfClc0u1g9Zg
LX164w.png, 1_UDY529FzN7a8mhN-V78rcW1U5mMGPgF
LX163w.png, 1qHPbmAp4nNJrDZsFKQkEguYpNe13tXE3
LX162w.png, 1QcMlCZFzKFofD5mUxsinphZodhZd1xQW
LX161w.png, 1TXf346hUbsRVO5Js1hgHuOiEtcxtiBcz
LX160w.png, 10aDBV7XpxsLLwSxBXjBkPcIoYIPBsMkl
LX159w.png, 1Y-bHvsLz1nUUqu1MwOi3SZV_3smYVSD0
LX158w.png, 1sFlSsoa-iyBm9NyCGP2YyZPNzzbNfLOS
LX157w.png, 1C2xlaKnQb_YyBHlvxY6w5bnzeOEOzOuZ
LX156w.png, 1Z_bvgYp2lA8YpAgmiSorPGaZZpgvUeMP
LX155w.png, 1rQN25k5SNlLkdXoEisnoo8ccTa64hoSe
LX154w.png, 1cyt-Oswv64D-sLSqDOoGWyFpYAL-kyxf
LX153w.png, 15ClZN04tC6KKvZh5-y4pv_HNYscSdlty
LX152w.png, 1wT40512WUU3HfjEgVIZiI1jQDoCV8EYp
LX151w.png, 1muSH4wEPZQ6Tfp54otDkcbjD1JA6OvJj
LX150w.png, 1Xu84A92opc3jN84JDxpiEn_IjAgARARG
LX149w.png, 1u-4u2W22KPjv7prgGKSsx4RGcVxbNQA4
Copy of LX101w.png, 1nqqKvo1EbG7A_TunqDJ55pYxlauKJ3rv
Copy of LX103w.png, 1rHqHCp-r1cL53tg_D2aNfLVAFf1hZV2w
Copy of LX102w.png, 1czf8GB5hdmdodhGZIvo8Ra4q8yLW6mIW
LX147w.png, 1PwXWF9Op1X6yl_MigFk1gM7H48aEQ12i
LX148w.png, 11PdRws0cnPY3YBgvn44ZLnk5u2g_r9zH
LX144w.png, 1vNjB7iYLfVvaRPwHVVOMWNo01gkM-T_N
LX140w.png, 1cdmsGuquRYFHwS4nP-6fzBgcQUU6Yja4
LX139w.png, 1Gas8cUXsCxXs-ukNKVgDiCYqsuMECXxY
LX138w.png, 1e6ZiGyNmzSGhIVG4y3HoPnaXYocHc-T2
LX137w.png, 1kSW4SQSo37VeJju6i6WbYmxoleTuuVW8
LX136w.png, 1_5oGk53-8hNmuizy6vB20qzcVG-GBY3I
LX135w.png, 1b0vR2EcH0gWTgo_k_1H9euFl6jWctjMe
LX134w.png, 1vkJ-NUU3G9tLBVrbj1OXzjPVO5qQOpxd
LX133w.png, 1sCrYhzsa3pwoSvzZHVP55Zkwat3FSp74
LX132w.png, 1lEsYd6gJRxeDvaQsAhb6EJzmKYNtAA1M
LX131w.png, 1Z7oIeMUnBdaTuAJ94dNNo95XFXyyBToD
LX130w.png, 1zn9aRkW7Vs_LqBaMZLNtUGKuLTYjFzQS
LX129w.png, 1jXAqbDv3xFfbum5hiT7CoD6V8rxsksnP
LX128w.png, 1ljV-nG8lsI6Zt63XRtk-ilYFn2BHbray
LX127w.png, 1_dRDy_n-BKsAMSLWdTgPCJrfEU8rj-9b
LX126w.png, 1HxqhuCuu1HntgbzV2QSMIHqM8juok_nF
LX125w.png, 1jt_rebghpi8B3FnmV5JZYCpt3GVcDIDx
LX124w.png, 1buaoiaOkaWqTnvu4VQqzEirQbswnPRZ2
LX123w.png, 1_tX9AzeHxJGgoVAaid6zdDm7WqxbQ7e8
LX122w.png, 1WcLCzLwNmS44ZB8PDn8JSkk2TuWLxBro
LX121w.png, 1RceZoqCDM0iOdzSWprj6QthAMJymtoC0
LX120w.png, 1o0680KVERoya5KyWUzx2CM1tWSicqgxO
LX119w.png, 1cVn4H7yYOscGHJN2WCUWAEoc-Xta9koe
LX118w.png, 17wKZThSn5vVNfBPeVxI2Af2ILezGz6rd
LX117w.png, 1myv1PeC8Wscvniq6ca5Gvgb8cyUeqVix
LX116W.png, 17AuxgqxUQioGwXDgHvYEhFTWj5qB8B76
LX115w.png, 1hSmDII1pidSI8yodevKR0HAnoq45GjBh
LX114W.png, 1kQiV5uDR9cjvd-bdrr5pHQjZXGgpMDQp
LX113w.png, 1IUwAx-M4EUJGE1r13Ve5Ay7XdLxKzM3q
LX112w.png, 1zHs90vtfPA0nbFn3VFzBzGWOllOWmHnU
LX111w.png, 1Xs9LUgtPDmc_KbzCW3pspO29yJfMK84l
LX110w.png, 169f5lFGrrmv1kPj1gWPhyB0cUxadXVOA
LX109w.png, 10vqdI8dhig-51uzSWufbDJ1soznr_udJ
LX108w.png, 1FfvKi49jqJ7yilEfddPxlPrA_ix5x4wZ
LX107 EXAMPLE7.png, 1vu1MwhgT5zwPiXe1L79HcpaAtrybhKJ8
LX107 EXAMPLE6.png, 1nQ5FogpwveX91uowO1e6fSMj1rLhEF71
LX107 EXAMPLE5.png, 1X_wgg3xGNXkBizeOLYKnqqzN3weR5NFm
LX107 EXAMPLE4.png, 1NWg-bFVr-QY213S2GmLi3RztxcGzBavJ
LX107 EXAMPLE3.png, 1PBXFS-rEa4k6p28eluU6mgjw8M_SE5LI
LX107 EXAMPLE2.png, 1xQt3sVOv-j1vo8mqdlbdyO-7wzTei0v4
LX146w.png, 1KrmbvZIvxMTNU9tqZ_ithQSzlxFUMp6R
LX145w.png, 1ctXs76vnEGi6a91vdZ7K4mp3-GNGnESH
LX107 EXAMPLE.png, 1N2xB_uYW8ZVSBcKW9nZ0Dr2IIcpC2eip
LX107w.png, 19Osq-lBaR8MSkVSG3iwmHQaV8LWlug17
LX106 example7.png, 1_WBs53hP7REukI9r2swt0tfHig4B27k3
LX106 example6.png, 186yVIhVLfeGVrmnYIQ9usYQ4_M5iu0fr
LX106 example5.png, 1anSBq6NPeaf-3izLFqDSzj27FT6rTt9H
LX106 example4.png, 1qLf1BXWYkgptf-jYozQm_kZYwZrPRbW7
LX106 example3.png, 1tdKLd3Km-xR2HVpYG4iFj3I2HNqHdHty
LX143w.png, 1GxNA0dkql0KXpry6JIFI1YuPn_xzBrdK
LX106 example2.png, 1mX5lbd9ChxikeNGMTFNRV3LOUEN_vxrb
LX142w.png, 1WeVsaogDmjGERJJcrO4ac9SUYm1Y4x9D
LX106 EXAMPLE1.png, 1rg1ZSl_cFHdD9Q_GioXuhAI3UMoYrzzq
LX141w.png, 1cL3BOXSxF2XnkBvX69xLvQuEv2RFaHYr
LX106w.png, 1359Tw1vXsKHzxxd2DkmEW9Mn14qfXzAe
LX105 example7.png, 1G14xHEPnMPJn7ClRRtCAXKvkiz--KRAI
LX105 example6.png, 1wZwOqvgEAyYVnNgbA8ozfuvWAXjJxsjZ
LX105 example5.png, 179ht4MkduBUfv1tGQd0Bo5xyKIaAqH0h
LX105 example4.png, 1Fav8Y8SvlVhzZA2wkdBL9LSwQWc-Zm13
LX105 example3.png, 14oh1e8gBXi5k3YZelOGnBOHKJIvy9_Uq
LX105 example2.png, 1UpH4hlc5Hb8n95LiiL9VDfL2-G3NADnY
LX105 example.png, 1OfNiz72gkaNV7jq6gYexJHeH0wSM6LTW
LX105w.png, 1_20xO4epdEnqQCdcYD6tgueUyfDZJJzB
LX104w.png, 16YWL0q_lhozA31MmA0bMXqK1b1U4Tifh
LX103w.png, 1LtmeGhE8loX2qmvz1plp19zF7836j8rp
LX102w.png, 1IQnmyqZUZOMdwDYdlVIq6P2vGzEBn9qD
LX101w.png, 1fzFglTCIEYqFiJWc61Xoh7-Kryb07oSB
LX100w.png, 1Ox8Rhm0CX8sxtlmHiMudiA5aRPG8M-vY
LX099w.png, 1d66Bhw1y0_jC2dSP-1i7lKLU9lHG-70S
LX098w example1.png, 1RlrvpDDyHeSUCFDIi_KbRh0J7mHjJ3_z
LX098w example5.png, 1DNnfXjyygS2f2PrRCKhpXUVN_BCZ2ifL
LX098w example4.png, 1ZV5fck43ql9-DJVOvll3LbOAhBElyg2f
LX098w example3.png, 1YLZC60Fbx1exhGXt1oQTsu63Teai9atQ
LX098w example2.png, 1ayeiklM0lDt1_RT7D9XvT20m-Cj659rA
LX098w.png, 12l5PJQwE0VkydYKERVwxR1FV2jaGQJ4t
LX097w.png, 1A6oh1sKzCaZEk_NjYuuR4-Jpo-8W6KHk
LX096w.png, 11tRI3ujr8Z_nP6Y8EINhPwj7fasWwVWN
LX095w.png, 1ex-3BhWTXFQVT6CAJy6FQ68PgICOaZUw
LX094 example5.png, 1EsgKm4iiJ4l4dTZyKkBPcmyB-zHEZs79
LX094 example4.png, 1pGECY2W4UT4DCU5LgMddono2uab6B9CE
LX094 example3.png, 1HvobSNhYTbF9TgU6_MzgadJobIpntn0V
LX094 example2.png, 1BBYItrYdgM8pG5VUAU7YUtO43Bz8YsFd
LX094 example1.png, 15vXHWnEDzoX8fU7Hx0UkjjH3g1adqEFP
LX094w.png, 1yahs-pvkRUyPI8nDrHyQbjzpyqycymKi
LX093w.png, 1qo6Le4dkzmLRY4hadJqKT0YltoQpPYbi
LX092w.png, 1DEp6wgLnFmbqqS7P-EzrqvwKS7Ulxu-z
LX091w.png, 1JjAvgESC533B1YwF9miDhz8u05LWXUSS
LX090W.png, 1Gh3v-XxDS1UXW33NqsnnXWYxLiCs_ngo
LX089w.png, 1WUkq_fNKPThWjNb6-x5Twe2sDGLCi5vr
LX088w.png, 1CleKfb00PtF783G700FDMD2JmfiA52bi
LX087w.png, 1LWngAHrHjjbli5W6YF6IU10TXIDD2dUA
LX086W.png, 1uoRQhP6EKKNivDzMi6U_-FLBTBKUonoq
LX085w.png, 1L9OhdjOIp_oPk2zG9T1Qs6pl6LnuMYXN
LX084w.png, 12Ps98sIsrYiparcLCInIntVOFJPOIe83
LX083w.png, 1gdhHq_Fzz7Tk6ANjaABGVjtDa8_2T2fd
LX081w.png, 1GmMFk_xIU5Qu8KSzIwpc5dRuiO7HyN6_
LX082w.png, 1xuYAHUuwU4-TUuluFuf2RtzqoceZEVkd
LX080w.png, 1wziXU99g1OHmxf9fqUoGDfixHy6g-hnf
LX079w.png, 1PihTAuEVRzck0vrVihJTEQfF86hyzgbQ
LX078w.png, 1BoklsFzDO5ahkyEFnkm_4IKLBAFIlUlZ
LX058w.png, 1Xt5aOz7WBjAYtfkvtRAuJ4tvfqeYXpbe
LX077W.png, 13ct0cbG1ytAV923lfXQWcwow_q6Q7a1l
LX076w.png, 1YW_s4Txm0FnyrFjIfuDDhFWML8rFserD
LX075W.png, 1rHgP7efvXJM9ZR_gnuEQoDGJSfm-s7Di
LX074w.png, 1GFMrPw010wH_-wqlm8vxNotycotTlSTO
LX073w.png, 1Z9rj6-_scfwgkYNkABytHjeauSaJeyCG
LX072W.png, 1hvrO2qpucbHZsf1bIMDrVdLITtjlM6xR
LX071W.png, 1e5q0XVU2OJ6o7w5L9mWUjVhY0_QoGx2C
LX070W.png, 1SCIUXb5bHj31M78UBV4KCuD-pKW1H1U6
LX069W.png, 14z-F6CmpGeLyFHzzmIXya5I5XAg1PFcl
LX068W.png, 1NZvhoGgcDZpmXpOqWWsFQGRLOuq_tVen
LX067w.png, 1Kn4ALYSY546IRoNQcrAd2Wx2I8jJU3RX
LX065w.png, 1hRXM4bf5Dg-nGVM5IkM7acOXzLgd8v6q
LX064w.png, 1C-LulUwx6IBa-zV2zZ1s3sjwrEVmA67Q
LX066w.png, 1ORABb1UAJUKi0CELbzGcJ_x6NfE15pjA
LX063w.png, 1AKlb5fHGVdfgrG43Wjk5dmWScTUk0SsT
LX062w.png, 1QBYIwej1gUrqA7t1yJlzMX5foMjLXpwO
LX061W.png, 1EFz2lfD_HNb0GVZLBFbZUbagpYBQG-8e
LX060.png, 1t3KCe87FYQSCMjCyXHzOiWqoDlCQfLwj
LX059w.png, 1Ei0RGBzCDa9j0cM7GuVwBOi9TVglBBZ0
LX057w.png, 1qjOKDfDFO1p_nIYyworRAxSX-ON8Yxrv
LX056w.png, 1ImSyuw3RogA_lyE2ofYyzhxgIe8olsJ2
LX055w.png, 1qkghV10PVXr_K6elu2AcCpCuAkb-FwMo
LX017W.png, 1J2DFE18VfataF7FASq1EveqjMPnkBikA
LX009white.png, 1dgQrEjVgLbr1oT6aL5StnYusq3UG4KEp
LX054W.png, 1H0qZDXrcBstbUNsTPuFTgVwMFQc-vgs3
LX053W.png, 1Q3-e75Wlch4B58yd2PDP4IQaBdFSkQuV
LX052W.png, 1nD3M0mjtzOOvQbvUZf10vZyHjdcOS3Pg
LX051W.png, 1i2EfPqAbRpXnD4OvHF_aFbpbsfUwJruu
LX050W.png, 1rNcYmtBNws7ssEI7xk7CHvwQKDdxppT_
LX048W.png, 1bfymm0nKlC10l376GFArJNkiJAAcDlRv
LX047W.png, 1OakUnC5cIFzfC1L_qypj0uOFA3K01mpv
LX046w.png, 1549SQ9wSzkhUIRH_49WctkK2ivYWIgN5
LX045W.png, 1K9REagi3_T4akK-gpwPHOWLNuo0tvSDY
LX044W.png, 1hsprjYRtZjR6797sAr-Pu5BtvYFUDAl8
LX043W.png, 1UtqmvS1wtE9yBabk3mcS6SrjB7cNgAn6
LX042w.png, 1c2V2eWoJbPz42Gnl6THY7QizBaGEbkad
LX041W.png, 17juYUMDV6YJ_Nq7iwDXWQNob97-YaK2B
LX040W.png, 1_6kYH6cx2nuCJcMVPhZZGEX6_Yk-1VF4
LX039w.png, 1xPCU2FMQ4vJRkpbstHrHfIMU_atZ-TzT
LX038W.png, 10T_jnef4Ytheqwj-7xrT4rlM5DdpfJzP
LX036w.png, 1q8dMj2Cx9GaOsDB6nSvI9_PoqYEiwOVZ
LX035w.png, 1pASuXqrvgPE3aQ7rCrVbSI9vALW3d5wx
LX033 Example5.png, 1MDAAQvpm7QObhnWPNaZ02lhv4roYg5ny
LX033 Example4.png, 1-lHonmgAxzzG2vdfWI0kh9nUWOZ5_l_8
LX033 Example3.png, 1y0gTeRSTnBhcEWorOuYMLZGPQZece1av
LX033 Example2.png, 15AJ0Mj1UMebTFOqZTvvyKaWuU4VhBwuK
LX033white.png, 1-VyjVpYN8w1ZBwpvreN2oZn369fJ7Xe1
LX033 Example1.png, 1pZYLPuBwO5mlrQUNmA3C5kO06ds_GunX
LX032white.png, 1w6QZg-G19D_1vOShWepreV6_z_0-L4OM
LX030white.png, 1IaAf2mK6pmOunGI-78II-rEH5Lff3yRT
LX031white.png, 1cjpJJCmByd91d2lC3PligcXjZr1i310X
LX029white.png, 1AGVkM8gQZsq6sAsvpULf6T-cybE3Lj14
LX027white.png, 1iBN5FUzuMRS_QGNGBEPjwK0Lci0cJ4My
LX026white.png, 10BSJqI6jiPAzsLnfZKTznmW7Cqhm4a2u
LX025w.png, 1b7yXUvOkhz7ECMqKnr8cqhRGfg7-ZEwS
LX024white.png, 1yt53bVhfZnbim6BNOIY-S93FJ-pFfXqN
LX023white.png, 1we_MEDJLqUYT6cG4KZnReov58xY6Uec7
LX022white.png, 188YS-xR4VSgtHWEJrqRDBWGkwbC0bEnO
LX021white.png, 1bK9CMr02zKJMuP45xYgdpL_77GHpM448
LX020white.png, 1vaVh34lDgrUO5L_VJHAuZuBifAViwgi1
LX019white.png, 1WY2cTXuafyughnCnyItMhtfgYVCK0VsU
LX018white.png, 16-IoSIDkmQ4cTkanP66ied4LnbnQFbKF
LX016white.png, 1lrLT8TfacYkY_GR73lE7GMzJQ5mja5uO
LX012white.png, 1VNduAPDcPMBCBd1SfqDVirZN-UpyOerO
LX011white.png, 1obiazxm8SKavkz37SvVEOq4noVL2IXcn
LX010white.png, 1UjqlWGyocJ5ywzCVAKJXJbVq2RL26aXP
LX008white.png, 1b22ORoZ4G_eRjhekA430AuyZYSo7FUJM
LX007white.png, 18sTMsRz4r4FI-Xk5Um2YrCPbNK-ECDyv
LX006white.png, 1DiH87c0nhefaRU1r_Pim--JGGSvBCdhJ
LX002white.png, 1-nFL0qwRX2INP-h8MPg0RjiN47bTlJGX
LX001white.png, 1YLMyRg24o-hz7WETRZM17Ld5sqx_jPPG
