design_code,title,png
LX001,Roll Initiative D20,LX001.png
LX002,"Because I'm the DM, That's Why",LX002.png
LX006,This is How I Roll D20,LX006.png
LX007,Let's Go on an Adventure D20,LX007.png
LX009,Pick a Weapon Dice,LX009.png
LX010,Bard - The Maestro,LX010.png
LX011,Cleric - God of Healing,LX011.png
LX012,"Monk - No Weapon, No Problem",LX012.png
LX016,Warlock - Eldritch Horror,LX016.png
LX017,Beware of the Smiling Game Master,LX017.png
LX018,"Don't Worry, I Have a Plan (Critical Failure)",LX018.png
LX019,"The Dice Giveth, The Dice Taketh D20 Success Failure",LX019.png
LX021,"Guess I'll Die, Critical Fail",LX021.png
LX022,"Uhoh, Critical Failure",LX022.png
LX023,Crit Happens Natural 20,LX023.png
LX024,Dragon DM,LX024.png
LX025,Let the Adventure Begin Dice,LX025.png
LX026,"Lady Luck, Smile on Me",LX026.png
LX027,Five-Headed Fire & Blood,LX027.png
LX029,What Doesn't Kill You Gives You XP,LX029.png
LX030,Carpe DM,LX030.png
LX031,"Guess I'll Die, Critical Fail",LX031.png
LX032,"I'm Not Procrastinating, I'm Doing Side Quests",LX032.png
LX033,Personalised D&D Character,LX033.png
LX035,Daddy Shark Do Doo,LX035.png
LX036,Mummy Shark Do Doo,LX036.png
LX037,Couples' Shark Do Doo,LX037.png
LX039,"Guess I'll Die, Shrug",LX039.png
LX040,"I Paused My Game to Be Here, Console",LX040.png
LX041,"Classically Trained Gamer, Handheld",LX041.png
LX042,Introverts of the World Unite,LX042.png
LX043,Black Shirt Armor Stats,LX043.png
LX044,I Paused My Game to be Here,LX044.png
LX045,You're Breathtaking,LX045.png
LX046,This is a Gaming Zone,LX046.png
LX047,Personalised Your Name's Gaming,LX047.png
LX048,Retro Gaming Master,LX048.png
LX049,"Classically Trained Gamer, Consoles",LX049.png
LX050,You're Finally Awake!,LX050.png
LX051,"Born to Game, Forced to Work",LX051.png
LX052,Gamer Heartbeat,LX052.png
LX053,8-Bit Pixel Gamer Heart,LX053.png
LX054,"Nope, There's Only Trash Here",LX054.png
LX055,Krav Maga Self Defence,LX055.png
LX056,Krav Maga - Your First Lesson,LX056.png
LX057,Jiu Jitsu - Your First Lesson,LX057.png
LX058,Karate - Your First Lesson,LX058.png
LX059,MMA - Your First Lesson,LX059.png
LX060,Boxing - Your First Lesson,LX060.png
LX061,Eagle Fang Karate,LX061.png
LX062,Be Kind,LX062.png
LX063,Ferrum Woman,LX063.png
LX064,Atom,LX064.png
LX065,Science Teacher,LX065.png
LX066,Ferrum Man,LX066.png
LX067,Get Me Outta Here,LX067.png
LX068,Technically It's Always Full,LX068.png
LX069,Golden Record,LX069.png
LX070,The Sounds of Earth,LX070.png
LX071,The Answer is Fireball,LX071.png
LX072,I Cast Fireball,LX072.png
LX073,Elemental Game Master,LX073.png
LX074,Space is Ace,LX074.png
LX075,Curie Fan,LX075.png
LX076,Franklin Found It First,LX076.png
LX077,Goodall Fan,LX077.png
LX078,Swearing With Chemistry,LX078.png
LX079,Solar System Graphic,LX079.png
LX080,Shave Above the Knee,LX080.png
LX081,I Love You But You're All Terrible,LX081.png
LX082,I'll Go But I'm Gonna Complain,LX082.png
LX083,Burger of the Day,LX083.png
LX084,Erotic Friend Fiction,LX084.png
LX085,Teach a Man to Fish,LX085.png
LX086,Fishing Forecast,LX086.png
LX087,I'd Rather Be Fishing,LX087.png
LX088,I Want All the Dogs,LX088.png
LX089,If I Can't Bring My Dog,LX089.png
LX090,Dog Mum,LX090.png
LX091,Toe Bean Inspector,LX091.png
LX092,Dog Hair Don't Care,LX092.png
LX093,All Ended in Tiers,LX093.png
LX094,Personalised Lockdown Birthday,LX094.png
LX095,Lockdown Running,LX095.png
LX096,Under Lockdown,LX096.png
LX097,Social Distancing Expert,LX097.png
LX098,Personalised To Get This Amazing,LX098.png
LX099,I Love Anime,LX099.png
LX100,Eat Sleep Anime Repeat,LX100.png
LX101,People Who Don't Like Anime,LX101.png
LX102,I Miss Everyone Anime Harajuku,LX102.png
LX103,Senpai,LX103.png
LX104,Anime Beats Reality,LX104.png
LX105,Personalised Year of Birth All Original Parts,LX105.png
LX106,Personalised Year of Birth Limited Edition,LX106.png
LX107,Personalised Make Year of Birth Look Amazing,LX107.png
LX108,The Book Was Better,LX108.png
LX109,Non-Hyphenated Irony,LX109.png
LX110,A Million Books to Go,LX110.png
LX111,Emotionally Attached to Fictional Characters,LX111.png
LX112,Books & Tea,LX112.png
LX113,Guitar Head Plectrum,LX113.png
LX114,Bass Head Plectrum,LX114.png
LX115,You Can Never Have Too Many Guitars,LX115.png
LX116,Turn It Up to 11,LX116.png
LX117,Life is Full of Important (Guitar) Choices,LX117.png
LX118,We Know,LX118.png
LX119,Aggressive Nirnroot Noises,LX119.png
LX120,Hidden Stealth,LX120.png
LX121,Arrow to the Knee,LX121.png
LX122,Shadowmark,LX122.png
LX123,I'm Overencumbered,LX123.png
LX124,Return to Monke,LX124.png
LX125,Uh Oh Stinky,LX125.png
LX126,Stonks,LX126.png
LX127,Oh Lawd He Comin,LX127.png
LX128,Chaotic Neutral,LX128.png
LX129,Salty,LX129.png
LX130,Gandhi Has Declared War,LX130.png
LX131,Poggers,LX131.png
LX132,Just One More Turn,LX132.png
LX133,16 Years to Get This Amazing,LX133.png
LX134,18 Years to Get This Amazing,LX134.png
LX135,15 Years to Get This Amazing,LX135.png
LX136,21 Years to Get This Amazing,LX136.png
LX137,Made in 2006 All Original Parts,LX137.png
LX138,Made in 2005 All Original Parts,LX138.png
LX139,Made in 2003 All Original Parts,LX139.png
LX140,Made in 2000 All Original Parts,LX140.png
LX141,Made in 2005 Limited Edition,LX141.png
LX142,Made in 2003 Limited Edition,LX142.png
LX143,Made in 2000 Limited Edition,LX143.png
LX144,Made in 2006 Limited Edition,LX144.png
LX145,I Make 16 Look Amazing,LX145.png
LX146,I Make 18 Look Amazing,LX146.png
LX147,I Make 19 Look Amazing,LX147.png
LX148,I Make 20 Look Amazing,LX148.png
LX149,Kanto University,LX149.png
LX150,Johto University,LX150.png
LX151,Shiny,LX151.png
LX152,Kanto Paleontological Society,LX152.png
LX153,Praise Helix,LX153.png
LX154,Tilted,LX154.png
LX155,Gamers Don't Die,LX155.png
LX156,JG Diff,LX156.png
LX157,Behind Every Carry,LX157.png
LX158,Eat Sleep League Repeat,LX158.png
LX159,I Don't Lift I Carry,LX159.png
LX160,How to Win League,LX160.png
LX161,GG EZ,LX161.png
LX162,I'm His Support,LX162.png
LX163,I'm His Carry,LX163.png
LX164,"Not Even Close, Baby",LX164.png
LX165,I'll Support So You Can Carry,LX165.png
LX166,I'm Her Support,LX166.png
LX167,I'm Her Carry,LX167.png
LX168,Second Breakfast,LX168.png
LX169,Lord of the Strings,LX169.png
LX170,Taters,LX170.png
LX171,Even the Smallest Person,LX171.png
LX172,From the Shire,LX172.png
LX173,The Bees Are Happy,LX173.png
LX174,0 Days Since Last Accident,LX174.png
LX176,Boar Loves You,LX176.png
LX178,Jotenheim University,LX178.png
LX179,Single Taken Burdened With Glorious Purpose,LX179.png
LX180,"Always Be Yourself, Unless You Can Be Loki",LX180.png
LX181,Run Now Beer Later,LX181.png
LX182,Training for the Zombie Apocalypse,LX182.png
LX183,Everything Hurts and I'm Dying,LX183.png
LX184,This Isn't Even My Final Form,LX184.png
LX185,"Mick's Gym, Philadelphia",LX185.png
LX186,Dwight's Gym for Muscles,LX186.png
LX187,Existence is Pain,LX187.png
LX188,On Your Left,LX188.png
LX189,Barton Archery Academy,LX189.png
LX190,Does This Unit Have A Soul?,LX190.png
LX191,Grissom Academy,LX191.png
LX192,In the Middle of Some Calibrations,LX192.png
LX193,Club Afterlife,LX193.png
LX194,SR1 Crew,LX194.png
LX195,Ready to Comply,LX195.png
LX196,BB & SR 4eva,LX196.png
LX197,"I'm Not Arguing, I'm Explaining Why I'm Right",LX197.png
LX198,Wubba Lubba Dub Dub,LX198.png
LX199,Your Opinion Means Very Little to Me,LX199.png
LX200,Gettin' Schwifty,LX200.png
LX201,There is No Planet B,LX201.png
LX202,Plant Fueled Vegan Athlete,LX202.png
LX203,Friends Aren't Food,LX203.png
LX204,Plants in My Heart,LX204.png
LX205,Introvert but Happy to Talk to Plants,LX205.png
LX206,Science Matters,LX206.png
LX207,Celebrity Rabies Awareness Pro-Am Fun Run,LX207.png
LX208,Threat Level Midnight,LX208.png
LX209,I Am A Little Stitious,LX209.png
LX210,Kevin's Famous Chili,LX210.png
LX211,Vance Refrigeration,LX211.png
LX212,Only One Chair to Go,LX212.png
LX213,Schrute Farms,LX213.png
LX214,Proud Father to An Awesome Daughter,LX214.png
LX215,Proud Brother to An Awesome Sister,LX215.png
LX216,Proud Grandad to An Awesome Grandaughter,LX216.png
LX217,Bird Law,LX217.png
LX218,Dayman Fighter of the Nightman,LX218.png
LX219,Because of the Implication,LX219.png
LX220,Dennis System,LX220.png
LX221,Science is a Liar Sometimes,LX221.png
LX222,Rebel Scum,LX222.png
LX223,Best Dad in the Galaxy,LX223.png
LX225,Stay Six Feet Away,LX225.png
LX226,I Have the High Ground,LX226.png
LX227,Learning to be Sociable,LX227.png
LX228,Anxious Please do not Pet,LX228.png
LX229,Dad Joke Warning,LX229.png
LX230,Exploring New Worlds,LX230.png
LX231,"Sorry I'm Late, I Didn't Want to Come",LX231.png
LX232,Wait Let Me Overthink This,LX232.png
LX233,No Way Everyone Kung Fu Fighting,LX233.png
LX234,Riot,LX234.png
LX235,Cultivating Mass,LX235.png
LX236,"In a World of Tens, Be An Eleven",LX236.png
LX237,The Upside Down,LX237.png
LX238,You Just Lost the Game,LX238.png
LX239,Plus Ultra,LX239.png
LX240,Hero's T-Shirt,LX240.png
LX241,All M Hero's Shirt,LX241.png
LX242,One for All,LX242.png
LX243,I'm AFK Right Now,LX243.png
LX244,Real Life? Never Heard of That Server,LX244.png
LX245,Keep Calm and Blame the Healer,LX245.png
LX246,Stormstout Brewery,LX246.png
LX247,You Rule You Suck,LX247.png
LX248,Bitchin',LX248.png
LX249,She's Our Friend And She's Crazy,LX249.png
LX250,Scoop Troop,LX250.png
LX251,Hawkins AV Club,LX251.png
LX252,Harrington Babysitting Co.,LX252.png
LX253,Eleven,LX253.png
LX254,Eat Sleep Drop Repeat,LX254.png
LX255,Eat Sleep Gulag Repeat,LX255.png
LX256,Come Dancing,LX256.png
LX257,Eat Sleep Ballroom Repeat,LX257.png
LX258,Keep Dancing,LX258.png
LX259,Fab-u-lous Darling,LX259.png
LX260,Where We Droppin' Boys?,LX260.png
LX261,You've Yee'd Your Last Haw,LX261.png
LX262,Chess Queen,LX262.png
LX263,Chess King,LX263.png
LX264,Gamers Don't Die They Respawn,LX264.png
LX265,Yeet,LX265.png
LX266,Time Criminal,LX266.png
LX267,Take the L,LX267.png
LX268,Shaka,LX268.png
LX269,District 9 3/4,LX269.png
LX270,The Odds Are Never in Your Favour,LX270.png
LX271,Girl on Fire,LX271.png
LX272,Follow the Butterflies,LX272.png
LX273,Turn to Page 394,LX273.png
LX274,Nine and Three Quarters,LX274.png
LX275,7 Stories,LX275.png
LX276,Yer a Wizard,LX276.png
LX277,Equal Rights for House Elves,LX277.png
LX278,Mischief Managed,LX278.png
LX279,Twelve Districts,LX279.png
LX280,Ride the Wave,LX280.png
LX281,"In a World of Tens, Be An Eleven Red",LX281.png
LX282,The Upside Down Red,LX282.png
LX283,"Aw Sh*t, Here We Go Again...",LX283.png
LX284,I Heart Trevor,LX284.png
LX285,Benny's Original Motorworks,LX285.png
LX286,Wasted,LX286.png
LX287,Drive It Like You Stole It,LX287.png
LX288,5 Star Wanted,LX288.png
LX289,A Perfect Video Game Day,LX289.png
LX290,Pogchamp,LX290.png
LX291,Single Taken Video Games,LX291.png
LX292,SALTY.,LX292.png
LX293,Eat Sleep Derank Repeat,LX293.png
LX294,Warning VR In Use,LX294.png
LX295,I Need Healing,LX295.png
LX296,Eject,LX296.png
LX297,M.E.K.A.,LX297.png
LX298,Support? I Think You Mean Undercover Carry,LX298.png
LX299,Monsters Nearby,LX299.png
LX300,Eat Sleep Video Games Repeat,LX300.png
LX301,My Friends Call Me Payload,LX301.png
LX302,Cheers Luv!,LX302.png
LX303,You Are Filled With Determination,LX303.png
LX304,Determination,LX304.png
LX305,Don't Be Upsetti Have Some Spaghetti,LX305.png
LX306,That's the Trash Can,LX306.png
LX307,You're Gonna Have a Bad Time,LX307.png
LX308,Cool Dude,LX308.png
LX309,DAD Chords,LX309.png
LX310,Chaotic Sleepy,LX310.png
LX311,El Dude Brothers,LX311.png
LX312,JLB,LX312.png
LX313,Men With Ven,LX313.png
LX314,"Four Naan, Jeremy?",LX314.png
LX315,A Normal Functioning Member of the Human Race,LX315.png
LX316,Pan: Saving Lives Since 2017,LX316.png
LX317,Motorcycle Rentals,LX317.png
LX318,Winner Winner,LX318.png
LX319,Need Boost!,LX319.png
LX320,What a Save!,LX320.png
LX321,Camp Crystal Lake Counselor,LX321.png
LX322,Sawdust is Man Glitter,LX322.png
LX323,Rome Wasn't Built In A Day,LX323.png
LX324,Building Charges,LX324.png
LX325,Eat Sleep Brick Repeat,LX325.png
LX326,This Is Not A Drill,LX326.png
LX327,What a Save Chat Spam,LX327.png
LX328,Wow Chat Spam,LX328.png
LX329,Mama's Boy,LX329.png
LX330,Crystal Lake Killers Hockey Team,LX330.png
LX331,Test Subject,LX331.png
LX332,The Cake Is A Lie,LX332.png
LX333,Citizen of Earth C-137,LX333.png
LX334,We Didn't Get Mounts Until Level 40,LX334.png
LX335,We Didn't Have A Raid Last Night,LX335.png
LX337,What's Your Favourite Scary Movie?,LX337.png
LX338,Antarctica Research Institute,LX338.png
LX339,I Went to Sweden and Survived,LX339.png
LX340,Greetings from Amity Island,LX340.png
LX341,Amity Harbour Patrol,LX341.png
LX342,Amity Crew,LX342.png
LX343,Horror Movie Addict,LX343.png
LX344,Normal People Scare Me,LX344.png
LX345,Horror Locations,LX345.png
LX346,Hotel Cortez,LX346.png
LX347,Camp Redwood,LX347.png
LX348,Wear Something Black,LX348.png
LX349,The Overlook Hotel,LX349.png
LX350,"Nine, Ten, Never Sleep Again",LX350.png
LX351,Beep Beep Richie,LX351.png
LX352,Darling. Light of My Life.,LX352.png
LX353,Quiet People Have the Loudest Minds,LX353.png
LX354,To Live Deliciously,LX354.png
LX355,It's Just A Bunch of Hocus Pocus,LX355.png
LX356,Dillon Panthers Football,LX356.png
LX357,Clear Eyes Full Hearts,LX357.png
LX358,Forever Texas,LX358.png
LX359,SS Georgie,LX359.png
LX360,The Losers Club,LX360.png
LX361,Cowboy Depression Simulator II,LX361.png
LX362,Have You Seen Lenny?,LX362.png
LX363,Cowboy Riding,LX363.png
LX364,I Went to Blackwater,LX364.png
LX365,It's Dangerous To Go Alone,LX365.png
LX366,Lon Lon Milk,LX366.png
LX367,Hey! Listen!,LX367.png
LX368,Taken Damage,LX368.png
LX369,Buy A Defuser,LX369.png
LX370,I Only Get Flashbanged,LX370.png
LX371,Cotton Headed Ninny,LX371.png
LX372,Smiling's My Favourite,LX372.png
LX373,A Nightmare Before Coffee,LX373.png
LX374,We Are Simply Meant To Be,LX374.png
LX375,This Is My Christmas Jumper,LX375.png
LX376,Anti Christmas Club,LX376.png
LX377,Loathe Entirely,LX377.png
LX378,Stink Stank Stunk,LX378.png
LX379,The Mean One,LX379.png
LX380,The Cheery One,LX380.png
LX381,I'm Booked,LX381.png
LX382,It's Too Peopley Outside,LX382.png
LX383,Two Sizes Too Small,LX383.png
LX384,Bedford Falls NY,LX384.png
LX385,Now I Have A Machine Gun Ho Ho Ho,LX385.png
LX386,Yippee Ki Yay,LX386.png
LX387,Nakatomi Corporation Christmas Party,LX387.png
LX388,It's Not Christmas Until Hans Gruber,LX388.png
LX389,The Jolliest Bunch of Assholes,LX389.png
LX390,Hail Santa,LX390.png
LX391,Bah Humpug,LX391.png
LX392,Christmas Music All Year,LX392.png
LX393,SIC MVNDVS,LX393.png
LX394,Have You Tried Turning It Off And On Again?,LX394.png
LX395,I Came to Drink Milk and Kick Ass,LX395.png
LX396,Watch Your Ruddy Language,LX396.png
LX397,Did You See That Ludicrous Display?,LX397.png
LX398,That's A Nice TNETENNBA,LX398.png
LX399,Stay A While And Listen,LX399.png
LX400,There is No Secret Cow Level,LX400.png
LX401,Literature Club,LX401.png
LX402,Just Monika,LX402.png
LX403,Psychic Summer Camp,LX403.png
LX404,Boom! Headshot!,LX404.png
LX405,Never Gonna Give You AWP,LX405.png
LX406,Defuse,LX406.png
LX407,I'm A Legend,LX407.png
LX408,You Just Got Bamboozled,LX408.png
LX409,Jumpmaster,LX409.png
LX410,Finder Smile,LX410.png
LX411,Huntress Academy,LX411.png
LX412,Nope Nope Nope Nope,LX412.png
LX413,That's A Mori,LX413.png
LX414,Team R,LX414.png
LX415,Prepare for Trouble,LX415.png
LX416,I Wanna Be the Very Best,LX416.png
LX417,Coronet Conqueror,LX417.png
LX418,Trainer School Honour Student,LX418.png
LX419,6 Time Champions,LX419.png
LX420,Liverpool,LX420.png
LX421,Liverpool is Red,LX421.png
LX422,Keep Calm Jurgen's At The Wheel,LX422.png
LX423,Manchester,LX423.png
LX424,Manchester is Red,LX424.png
LX425,Keep Calm Ole's At The Wheel,LX425.png
LX426,United 'Til I Die Red,LX426.png
LX427,United 'Til I Die White,LX427.png
LX428,North London is Red,LX428.png
LX429,COYG,LX429.png
LX430,Keep Calm Mikel's At The Wheel,LX430.png
LX431,England Football,LX431.png
LX432,Football Pitch,LX432.png
LX433,Football is Life and Death,LX433.png
LX434,You Died,LX434.png
LX435,Git Gud,LX435.png
LX436,Estus,LX436.png
LX437,Praise the Sun,LX437.png
LX438,Kick Names Take Ass,LX438.png
LX439,I Am Root,LX439.png
LX440,Awesome Mix,LX440.png
LX441,Shotgun Shuts His Cakehole,LX441.png
LX442,Winchester Initials,LX442.png
LX443,Hunters and Demons,LX443.png
LX444,Idjit,LX444.png
LX445,The Family Business,LX445.png
LX446,Cactus Juice,LX446.png
LX447,Yip Yip,LX447.png
LX448,Jasmine Dragon,LX448.png
LX449,Game Triangle,LX449.png
LX450,Game Circle,LX450.png
LX451,Game Square,LX451.png
LX452,Game Symbols,LX452.png
LX453,Player 001,LX453.png
LX455,Player 067,LX455.png
LX456,Player 456,LX456.png
LX461,Zero: A Number,LX461.png
LX462,Would You Kindly,LX462.png
LX463,Evolve Today,LX463.png
LX464,A Man Chooses,LX464.png
LX465,Blood Symbol,LX465.png
LX466,Byrgenwerth College,LX466.png
LX467,Yharnam Blood Vials,LX467.png
LX468,Mojave Express Couriers,LX468.png
LX469,Lucky 38,LX469.png
LX470,Mentats & Chill,LX470.png
LX472,Hole to Another Universe,LX472.png
LX473,Back in Time,LX473.png
LX474,Blackwell Academy,LX474.png
LX475,Go Fuck Yourselfie,LX475.png
LX476,This Action Will Have Consequences,LX476.png
LX477,The Name's Bond. Peptide Bond.,LX477.png
LX478,!False Funny Because It's True,LX478.png
LX479,Those Who Can Extrapolate,LX479.png
LX480,Unexpected '{' On Line 32,LX480.png
LX481,Those Who Understand Binary,LX481.png
LX482,Shirt <T>,LX482.png
LX483,There's No Place Like Home,LX483.png
LX484,Shrug,LX484.png
LX485,I'm Here Because You Broke Something,LX485.png
LX486,There Is No Cloud,LX486.png
LX487,"It's Not A Bug, It's A Feature",LX487.png
LX488,Lorem Ipsum,LX488.png
LX489,Mentally Dating Idris Elba,LX489.png
LX490,Mentally Dating Chris Hemsworth,LX490.png
LX491,Mentally Dating Michael B Jordan,LX491.png
LX492,Mentally Dating Tom Holland,LX492.png
LX493,Mentally Dating Timothee Chalamet,LX493.png
LX494,Mentally Dating Park Ji-Min,LX494.png
LX495,Mentally Dating Jimin,LX495.png
LX496,Mentally Dating Jungkook,LX496.png
LX497,Mentally Dating J-Hope,LX497.png
LX498,Mentally Dating Jamie Dornan,LX498.png
LX499,Mentally Dating Henry Cavill,LX499.png
LX500,Mentally Dating Tom Hiddleston,LX500.png
LX501,Mentally Dating Ryan Reynolds,LX501.png
LX502,Mentally Dating Bradley Cooper,LX502.png
LX503,Mentally Dating Robert Pattinson,LX503.png
LX504,Mentally Dating Tom Hardy,LX504.png
LX505,Mentally Dating Hugh Jackman,LX505.png
LX506,Mentally Dating Zac Efron,LX506.png
LX507,Mentally Dating Taylor Lautner,LX507.png
LX508,Mentally Dating Garrus Vakarian,LX508.png
LX509,Mentally Dating Liara T'Soni,LX509.png
LX510,Mentally Dating Ryan Gosling,LX510.png
LX511,sksksksk and i oop,LX511.png
LX512,Footballer Evolution,LX512.png
LX513,Golfer Evolution,LX513.png
LX514,Cyclist Evolution,LX514.png
LX515,Tennis Evolution,LX515.png
LX516,Karate Evolution,LX516.png
LX517,Kayak Evolution,LX517.png
LX518,Weightlifter Evolution,LX518.png
LX519,Surfer Evolution,LX519.png
LX520,Hiker Evolution,LX520.png
LX521,Basketball Evolution,LX521.png
LX522,Scuba Diver Evolution,LX522.png
LX523,Photographer Evolution,LX523.png
LX524,Horse Rider Evolution,LX524.png
LX525,Cricketer Evolution,LX525.png
LX526,Ski Evolution,LX526.png
LX527,Boxer Evolution,LX527.png
LX528,Snowboarder Evolution,LX528.png
LX529,Jogger Evolution,LX529.png
LX530,Skateboarder Evolution,LX530.png
LX531,Black Hoodie Stats,LX531.png
LX532,Sussy Baka,LX532.png
LX533,Eternal,LX533.png
LX534,Fear is the Mind Killer,LX534.png
LX535,The Spice Must Flow,LX535.png
LX536,Dune Landscape,LX536.png
LX537,House Atreides,LX537.png
LX538,You Take The Red Pill,LX538.png
LX539,Follow the White Rabbit,LX539.png
LX540,Wake Up,LX540.png
LX541,Rickroll QR Code,LX541.png
LX542,Venkman Badge,LX542.png
LX543,The Busters,LX543.png
LX544,"Back Off Man, I'm A Scientist",LX544.png
LX545,Origami Unicorn,LX545.png
LX546,Off World Colonies,LX546.png
LX547,Like Tears In Rain,LX547.png
LX548,Blood Never Lies,LX548.png
LX549,Spatter Not Splatter,LX549.png
LX550,I Follow the Code of Harry,LX550.png
LX551,Boycott Jojamart,LX551.png
LX552,It's Getting Late...,LX552.png
LX553,The Stardrop Saloon,LX553.png
LX554,Pelican Town Adventurer's Guild,LX554.png
LX555,Energy to Mine,LX555.png
LX556,Roost Café,LX556.png
LX557,Nook's Cranny,LX557.png
LX558,Ask Me About My Turnip Prices,LX558.png
LX559,Bad Times Are Just Times That Are Bad,LX559.png
LX560,Tending To My Island,LX560.png
LX561,Team Jinx,LX561.png
LX562,Team Vi,LX562.png
LX563,Kame Symbol,LX563.png
LX564,Master Roshi's Dojo,LX564.png
LX565,Capsule Corporation,LX565.png
